{"username": "Username...", "enable_mode": 0, "script": 0, "device_type": 0, "device_data": [{"active": true, "hostname": "7020-fw1-a.ukfast.net.uk", "address": "N/a", "status": "pending", "icon": "pending", "index": 0, "log_folder": "./jobs/license_check/logs/7020-fw1-a.ukfast.net.uk/", "additional_data": {}, "return_data": ""}, {"active": true, "hostname": "23613-fw-a-ecloud.ukfast.net.uk", "address": "N/a", "status": "pending", "icon": "pending", "index": 1, "log_folder": "./jobs/license_check/logs/23613-fw-a-ecloud.ukfast.net.uk/", "additional_data": {}, "return_data": ""}, {"active": true, "hostname": "30501-fw-a-ecloud.ukfast.net.uk", "address": "N/a", "status": "pending", "icon": "pending", "index": 2, "log_folder": "./jobs/license_check/logs/30501-fw-a-ecloud.ukfast.net.uk/", "additional_data": {}, "return_data": ""}, {"active": true, "hostname": "31242-fw-a-ecloud.ukfast.net.uk", "address": "N/a", "status": "pending", "icon": "pending", "index": 3, "log_folder": "./jobs/license_check/logs/31242-fw-a-ecloud.ukfast.net.uk/", "additional_data": {}, "return_data": ""}, {"active": true, "hostname": "32172-fw-a-ecloud.ukfast.net.uk", "address": "37.220.94.143", "status": "pending", "icon": "pending", "index": 4, "log_folder": "./jobs/license_check/logs/32172-fw-a-ecloud.ukfast.net.uk/", "additional_data": {}, "return_data": ""}, {"active": true, "hostname": "33065-fw-a-ecloud.ukfast.net.uk", "address": "N/a", "status": "pending", "icon": "pending", "index": 5, "log_folder": "./jobs/license_check/logs/33065-fw-a-ecloud.ukfast.net.uk/", "additional_data": {}, "return_data": ""}, {"active": true, "hostname": "43018-fw-a-ecloud.ukfast.net.uk", "address": "31.193.9.31", "status": "pending", "icon": "pending", "index": 6, "log_folder": "./jobs/license_check/logs/43018-fw-a-ecloud.ukfast.net.uk/", "additional_data": {}, "return_data": ""}, {"active": true, "hostname": "43390-fw-a-ecloud.ukfast.net.uk", "address": "N/a", "status": "pending", "icon": "pending", "index": 7, "log_folder": "./jobs/license_check/logs/43390-fw-a-ecloud.ukfast.net.uk/", "additional_data": {}, "return_data": ""}, {"active": true, "hostname": "43488-fw-ecloud.ukfast.net.uk", "address": "N/a", "status": "pending", "icon": "pending", "index": 8, "log_folder": "./jobs/license_check/logs/43488-fw-ecloud.ukfast.net.uk/", "additional_data": {}, "return_data": ""}, {"active": true, "hostname": "43503-fw-a-ecloud.ukfast.net.uk", "address": "N/a", "status": "pending", "icon": "pending", "index": 9, "log_folder": "./jobs/license_check/logs/43503-fw-a-ecloud.ukfast.net.uk/", "additional_data": {}, "return_data": ""}, {"active": true, "hostname": "43686-fw-a-ecloud.ukfast.net.uk", "address": "31.193.9.47", "status": "pending", "icon": "pending", "index": 10, "log_folder": "./jobs/license_check/logs/43686-fw-a-ecloud.ukfast.net.uk/", "additional_data": {}, "return_data": ""}, {"active": true, "hostname": "44303-fw-a-ecloud.ukfast.net.uk", "address": "N/a", "status": "pending", "icon": "pending", "index": 11, "log_folder": "./jobs/license_check/logs/44303-fw-a-ecloud.ukfast.net.uk/", "additional_data": {}, "return_data": ""}, {"active": true, "hostname": "46588-fw-ecloud.ukfast.net.uk", "address": "N/a", "status": "pending", "icon": "pending", "index": 12, "log_folder": "./jobs/license_check/logs/46588-fw-ecloud.ukfast.net.uk/", "additional_data": {}, "return_data": ""}, {"active": true, "hostname": "47149-fw-a-ecloud.ukfast.net.uk", "address": "N/a", "status": "pending", "icon": "pending", "index": 13, "log_folder": "./jobs/license_check/logs/47149-fw-a-ecloud.ukfast.net.uk/", "additional_data": {}, "return_data": ""}, {"active": true, "hostname": "48457-fw-a-ecloud.ukfast.net.uk", "address": "N/a", "status": "pending", "icon": "pending", "index": 14, "log_folder": "./jobs/license_check/logs/48457-fw-a-ecloud.ukfast.net.uk/", "additional_data": {}, "return_data": ""}, {"active": true, "hostname": "48701-fw-a-ecloud.ukfast.net.uk", "address": "N/a", "status": "pending", "icon": "pending", "index": 15, "log_folder": "./jobs/license_check/logs/48701-fw-a-ecloud.ukfast.net.uk/", "additional_data": {}, "return_data": ""}, {"active": true, "hostname": "48703-fw-a-ecloud.ukfast.net.uk", "address": "N/a", "status": "pending", "icon": "pending", "index": 16, "log_folder": "./jobs/license_check/logs/48703-fw-a-ecloud.ukfast.net.uk/", "additional_data": {}, "return_data": ""}, {"active": true, "hostname": "49064-fw-a-ecloud.ukfast.net.uk", "address": "N/a", "status": "pending", "icon": "pending", "index": 17, "log_folder": "./jobs/license_check/logs/49064-fw-a-ecloud.ukfast.net.uk/", "additional_data": {}, "return_data": ""}, {"active": true, "hostname": "49718-fw-ecloud.ukfast.net.uk", "address": "N/a", "status": "pending", "icon": "pending", "index": 18, "log_folder": "./jobs/license_check/logs/49718-fw-ecloud.ukfast.net.uk/", "additional_data": {}, "return_data": ""}, {"active": true, "hostname": "55112-fw-a-ecloud.ukfast.net.uk", "address": "N/a", "status": "pending", "icon": "pending", "index": 19, "log_folder": "./jobs/license_check/logs/55112-fw-a-ecloud.ukfast.net.uk/", "additional_data": {}, "return_data": ""}, {"active": true, "hostname": "68621-fw-a-ecloud.ukfast.net.uk", "address": "N/a", "status": "pending", "icon": "pending", "index": 20, "log_folder": "./jobs/license_check/logs/68621-fw-a-ecloud.ukfast.net.uk/", "additional_data": {}, "return_data": ""}, {"active": true, "hostname": "77074-fw.ukfast.net.uk", "address": "N/a", "status": "pending", "icon": "pending", "index": 21, "log_folder": "./jobs/license_check/logs/77074-fw.ukfast.net.uk/", "additional_data": {}, "return_data": ""}, {"active": true, "hostname": "79731-fw-a-ecloud.ukfast.net.uk", "address": "N/a", "status": "pending", "icon": "pending", "index": 22, "log_folder": "./jobs/license_check/logs/79731-fw-a-ecloud.ukfast.net.uk/", "additional_data": {}, "return_data": ""}, {"active": true, "hostname": "80206-fw-a-ecloud.ukfast.net.uk", "address": "N/a", "status": "pending", "icon": "pending", "index": 23, "log_folder": "./jobs/license_check/logs/80206-fw-a-ecloud.ukfast.net.uk/", "additional_data": {}, "return_data": ""}, {"active": true, "hostname": "82070-fw-a-ecloud.ukfast.net.uk", "address": "N/a", "status": "pending", "icon": "pending", "index": 24, "log_folder": "./jobs/license_check/logs/82070-fw-a-ecloud.ukfast.net.uk/", "additional_data": {}, "return_data": ""}, {"active": true, "hostname": "82171-fw-a-ecloud.ukfast.net.uk", "address": "N/a", "status": "pending", "icon": "pending", "index": 25, "log_folder": "./jobs/license_check/logs/82171-fw-a-ecloud.ukfast.net.uk/", "additional_data": {}, "return_data": ""}, {"active": true, "hostname": "82965-fw.ukfast.net.uk", "address": "N/a", "status": "pending", "icon": "pending", "index": 26, "log_folder": "./jobs/license_check/logs/82965-fw.ukfast.net.uk/", "additional_data": {}, "return_data": ""}, {"active": false, "hostname": "83047-fw.ukfast.net.uk", "address": "N/a", "status": "unreachable", "icon": "unreachable", "index": 27, "log_folder": "./jobs/license_check/logs/83047-fw.ukfast.net.uk/", "additional_data": {}, "return_data": ""}, {"active": false, "hostname": "84013-fw.ukfast.net.uk", "address": "N/a", "status": "unreachable", "icon": "unreachable", "index": 28, "log_folder": "./jobs/license_check/logs/84013-fw.ukfast.net.uk/", "additional_data": {}, "return_data": ""}, {"active": true, "hostname": "85702-fw.ukfast.net.uk", "address": "N/a", "status": "pending", "icon": "pending", "index": 29, "log_folder": "./jobs/license_check/logs/85702-fw.ukfast.net.uk/", "additional_data": {}, "return_data": ""}, {"active": true, "hostname": "85706-fw.ukfast.net.uk", "address": "N/a", "status": "pending", "icon": "pending", "index": 30, "log_folder": "./jobs/license_check/logs/85706-fw.ukfast.net.uk/", "additional_data": {}, "return_data": ""}, {"active": false, "hostname": "86489-fw.ukfast.net.uk", "address": "N/a", "status": "unreachable", "icon": "unreachable", "index": 31, "log_folder": "./jobs/license_check/logs/86489-fw.ukfast.net.uk/", "additional_data": {}, "return_data": ""}, {"active": true, "hostname": "87149-fw.ukfast.net.uk", "address": "185.217.43.245", "status": "pending", "icon": "pending", "index": 32, "log_folder": "./jobs/license_check/logs/87149-fw.ukfast.net.uk/", "additional_data": {}, "return_data": ""}, {"active": true, "hostname": "87491-fw.ukfast.net.uk", "address": "N/a", "status": "pending", "icon": "pending", "index": 33, "log_folder": "./jobs/license_check/logs/87491-fw.ukfast.net.uk/", "additional_data": {}, "return_data": ""}, {"active": true, "hostname": "87778-fw-a.ukfast.net.uk", "address": "N/a", "status": "pending", "icon": "pending", "index": 34, "log_folder": "./jobs/license_check/logs/87778-fw-a.ukfast.net.uk/", "additional_data": {}, "return_data": ""}, {"active": true, "hostname": "88083-fw-a.ukfast.net.uk", "address": "185.217.43.212", "status": "pending", "icon": "pending", "index": 35, "log_folder": "./jobs/license_check/logs/88083-fw-a.ukfast.net.uk/", "additional_data": {}, "return_data": ""}, {"active": true, "hostname": "88230-fw-a.ukfast.net.uk", "address": "N/a", "status": "pending", "icon": "pending", "index": 36, "log_folder": "./jobs/license_check/logs/88230-fw-a.ukfast.net.uk/", "additional_data": {}, "return_data": ""}, {"active": true, "hostname": "90236-fw.ukfast.net.uk", "address": "N/a", "status": "pending", "icon": "pending", "index": 37, "log_folder": "./jobs/license_check/logs/90236-fw.ukfast.net.uk/", "additional_data": {}, "return_data": ""}, {"active": true, "hostname": "90273-fw.ukfast.net.uk", "address": "193.39.253.234", "status": "pending", "icon": "pending", "index": 38, "log_folder": "./jobs/license_check/logs/90273-fw.ukfast.net.uk/", "additional_data": {}, "return_data": ""}, {"active": true, "hostname": "91186-fw.ukfast.net.uk", "address": "N/a", "status": "pending", "icon": "pending", "index": 39, "log_folder": "./jobs/license_check/logs/91186-fw.ukfast.net.uk/", "additional_data": {}, "return_data": ""}, {"active": true, "hostname": "91599-fw.ukfast.net.uk", "address": "N/a", "status": "pending", "icon": "pending", "index": 40, "log_folder": "./jobs/license_check/logs/91599-fw.ukfast.net.uk/", "additional_data": {}, "return_data": ""}, {"active": true, "hostname": "94366-fw.ukfast.net.uk", "address": "193.39.255.192", "status": "pending", "icon": "pending", "index": 41, "log_folder": "./jobs/license_check/logs/94366-fw.ukfast.net.uk/", "additional_data": {}, "return_data": ""}, {"active": true, "hostname": "95204-fw-a.ukfast.net.uk", "address": "N/a", "status": "pending", "icon": "pending", "index": 42, "log_folder": "./jobs/license_check/logs/95204-fw-a.ukfast.net.uk/", "additional_data": {}, "return_data": ""}, {"active": true, "hostname": "96338-fw.ukfast.net.uk", "address": "N/a", "status": "pending", "icon": "pending", "index": 43, "log_folder": "./jobs/license_check/logs/96338-fw.ukfast.net.uk/", "additional_data": {}, "return_data": ""}, {"active": true, "hostname": "96350-fw.ukfast.net.uk", "address": "N/a", "status": "pending", "icon": "pending", "index": 44, "log_folder": "./jobs/license_check/logs/96350-fw.ukfast.net.uk/", "additional_data": {}, "return_data": ""}, {"active": true, "hostname": "96505-fw.ukfast.net.uk", "address": "N/a", "status": "pending", "icon": "pending", "index": 45, "log_folder": "./jobs/license_check/logs/96505-fw.ukfast.net.uk/", "additional_data": {}, "return_data": ""}, {"active": true, "hostname": "97163-fw.ukfast.net.uk", "address": "N/a", "status": "pending", "icon": "pending", "index": 46, "log_folder": "./jobs/license_check/logs/97163-fw.ukfast.net.uk/", "additional_data": {}, "return_data": ""}, {"active": true, "hostname": "98584-fw.ukfast.net.uk", "address": "N/a", "status": "pending", "icon": "pending", "index": 47, "log_folder": "./jobs/license_check/logs/98584-fw.ukfast.net.uk/", "additional_data": {}, "return_data": ""}, {"active": true, "hostname": "98585-fw.ukfast.net.uk", "address": "N/a", "status": "pending", "icon": "pending", "index": 48, "log_folder": "./jobs/license_check/logs/98585-fw.ukfast.net.uk/", "additional_data": {}, "return_data": ""}, {"active": true, "hostname": "99417-fw.ukfast.net.uk", "address": "N/a", "status": "pending", "icon": "pending", "index": 49, "log_folder": "./jobs/license_check/logs/99417-fw.ukfast.net.uk/", "additional_data": {}, "return_data": ""}, {"active": true, "hostname": "99447-fw.ukfast.net.uk", "address": "N/a", "status": "pending", "icon": "pending", "index": 50, "log_folder": "./jobs/license_check/logs/99447-fw.ukfast.net.uk/", "additional_data": {}, "return_data": ""}, {"active": true, "hostname": "99478-fw.ukfast.net.uk", "address": "N/a", "status": "pending", "icon": "pending", "index": 51, "log_folder": "./jobs/license_check/logs/99478-fw.ukfast.net.uk/", "additional_data": {}, "return_data": ""}, {"active": true, "hostname": "99840-fw.ukfast.net.uk", "address": "N/a", "status": "pending", "icon": "pending", "index": 52, "log_folder": "./jobs/license_check/logs/99840-fw.ukfast.net.uk/", "additional_data": {}, "return_data": ""}, {"active": true, "hostname": "99876-fw.ukfast.net.uk", "address": "N/a", "status": "pending", "icon": "pending", "index": 53, "log_folder": "./jobs/license_check/logs/99876-fw.ukfast.net.uk/", "additional_data": {}, "return_data": ""}, {"active": true, "hostname": "99984-fw-a.ukfast.net.uk", "address": "N/a", "status": "pending", "icon": "pending", "index": 54, "log_folder": "./jobs/license_check/logs/99984-fw-a.ukfast.net.uk/", "additional_data": {}, "return_data": ""}, {"active": true, "hostname": "100006-fw.ukfast.net.uk", "address": "N/a", "status": "pending", "icon": "pending", "index": 55, "log_folder": "./jobs/license_check/logs/100006-fw.ukfast.net.uk/", "additional_data": {}, "return_data": ""}, {"active": true, "hostname": "100493-fw.ukfast.net.uk", "address": "N/a", "status": "pending", "icon": "pending", "index": 56, "log_folder": "./jobs/license_check/logs/100493-fw.ukfast.net.uk/", "additional_data": {}, "return_data": ""}, {"active": true, "hostname": "101193-fw.ukfast.net.uk", "address": "N/a", "status": "pending", "icon": "pending", "index": 57, "log_folder": "./jobs/license_check/logs/101193-fw.ukfast.net.uk/", "additional_data": {}, "return_data": ""}, {"active": true, "hostname": "102659-fw.ukfast.net.uk", "address": "N/a", "status": "pending", "icon": "pending", "index": 58, "log_folder": "./jobs/license_check/logs/102659-fw.ukfast.net.uk/", "additional_data": {}, "return_data": ""}, {"active": true, "hostname": "103022-fw.ukfast.net.uk", "address": "N/a", "status": "pending", "icon": "pending", "index": 59, "log_folder": "./jobs/license_check/logs/103022-fw.ukfast.net.uk/", "additional_data": {}, "return_data": ""}, {"active": true, "hostname": "104588-fw.ukfast.net.uk", "address": "N/a", "status": "pending", "icon": "pending", "index": 60, "log_folder": "./jobs/license_check/logs/104588-fw.ukfast.net.uk/", "additional_data": {}, "return_data": ""}, {"active": true, "hostname": "105172-fw.ukfast.net.uk", "address": "N/a", "status": "pending", "icon": "pending", "index": 61, "log_folder": "./jobs/license_check/logs/105172-fw.ukfast.net.uk/", "additional_data": {}, "return_data": ""}, {"active": true, "hostname": "105392-fw.ukfast.net.uk", "address": "N/a", "status": "pending", "icon": "pending", "index": 62, "log_folder": "./jobs/license_check/logs/105392-fw.ukfast.net.uk/", "additional_data": {}, "return_data": ""}, {"active": true, "hostname": "105442-fw.ukfast.net.uk", "address": "N/a", "status": "pending", "icon": "pending", "index": 63, "log_folder": "./jobs/license_check/logs/105442-fw.ukfast.net.uk/", "additional_data": {}, "return_data": ""}, {"active": true, "hostname": "105875-fw.ukfast.net.uk", "address": "N/a", "status": "pending", "icon": "pending", "index": 64, "log_folder": "./jobs/license_check/logs/105875-fw.ukfast.net.uk/", "additional_data": {}, "return_data": ""}, {"active": true, "hostname": "106055-fw-a.ukfast.net.uk", "address": "N/a", "status": "pending", "icon": "pending", "index": 65, "log_folder": "./jobs/license_check/logs/106055-fw-a.ukfast.net.uk/", "additional_data": {}, "return_data": ""}, {"active": true, "hostname": "107405-fw-a.ukfast.net.uk", "address": "N/a", "status": "pending", "icon": "pending", "index": 66, "log_folder": "./jobs/license_check/logs/107405-fw-a.ukfast.net.uk/", "additional_data": {}, "return_data": ""}, {"active": true, "hostname": "107434-fw-a.ukfast.net.uk", "address": "N/a", "status": "pending", "icon": "pending", "index": 67, "log_folder": "./jobs/license_check/logs/107434-fw-a.ukfast.net.uk/", "additional_data": {}, "return_data": ""}, {"active": true, "hostname": "107765-fw.ukfast.net.uk", "address": "N/a", "status": "pending", "icon": "pending", "index": 68, "log_folder": "./jobs/license_check/logs/107765-fw.ukfast.net.uk/", "additional_data": {}, "return_data": ""}, {"active": true, "hostname": "107984-fw-a.ukfast.net.uk", "address": "N/a", "status": "pending", "icon": "pending", "index": 69, "log_folder": "./jobs/license_check/logs/107984-fw-a.ukfast.net.uk/", "additional_data": {}, "return_data": ""}, {"active": true, "hostname": "108646-fw.ukfast.net.uk", "address": "N/a", "status": "pending", "icon": "pending", "index": 70, "log_folder": "./jobs/license_check/logs/108646-fw.ukfast.net.uk/", "additional_data": {}, "return_data": ""}, {"active": true, "hostname": "109040-fw.ukfast.net.uk", "address": "N/a", "status": "pending", "icon": "pending", "index": 71, "log_folder": "./jobs/license_check/logs/109040-fw.ukfast.net.uk/", "additional_data": {}, "return_data": ""}, {"active": true, "hostname": "109253-fw.ukfast.net.uk", "address": "N/a", "status": "pending", "icon": "pending", "index": 72, "log_folder": "./jobs/license_check/logs/109253-fw.ukfast.net.uk/", "additional_data": {}, "return_data": ""}, {"active": true, "hostname": "109480-fw.ukfast.net.uk", "address": "N/a", "status": "pending", "icon": "pending", "index": 73, "log_folder": "./jobs/license_check/logs/109480-fw.ukfast.net.uk/", "additional_data": {}, "return_data": ""}, {"active": true, "hostname": "109637-fw-a.ukfast.net.uk", "address": "N/a", "status": "pending", "icon": "pending", "index": 74, "log_folder": "./jobs/license_check/logs/109637-fw-a.ukfast.net.uk/", "additional_data": {}, "return_data": ""}, {"active": true, "hostname": "109962-fw.ukfast.net.uk", "address": "N/a", "status": "pending", "icon": "pending", "index": 75, "log_folder": "./jobs/license_check/logs/109962-fw.ukfast.net.uk/", "additional_data": {}, "return_data": ""}, {"active": true, "hostname": "110027-fw.ukfast.net.uk", "address": "N/a", "status": "pending", "icon": "pending", "index": 76, "log_folder": "./jobs/license_check/logs/110027-fw.ukfast.net.uk/", "additional_data": {}, "return_data": ""}, {"active": true, "hostname": "110344-fw.ukfast.net.uk", "address": "N/a", "status": "pending", "icon": "pending", "index": 77, "log_folder": "./jobs/license_check/logs/110344-fw.ukfast.net.uk/", "additional_data": {}, "return_data": ""}, {"active": true, "hostname": "110695-fw.ukfast.net.uk", "address": "N/a", "status": "pending", "icon": "pending", "index": 78, "log_folder": "./jobs/license_check/logs/110695-fw.ukfast.net.uk/", "additional_data": {}, "return_data": ""}, {"active": true, "hostname": "111608-fw.ukfast.net.uk", "address": "N/a", "status": "pending", "icon": "pending", "index": 79, "log_folder": "./jobs/license_check/logs/111608-fw.ukfast.net.uk/", "additional_data": {}, "return_data": ""}, {"active": true, "hostname": "111703-fw.ukfast.net.uk", "address": "N/a", "status": "pending", "icon": "pending", "index": 80, "log_folder": "./jobs/license_check/logs/111703-fw.ukfast.net.uk/", "additional_data": {}, "return_data": ""}, {"active": true, "hostname": "111951-fw-a.ukfast.net.uk", "address": "N/a", "status": "pending", "icon": "pending", "index": 81, "log_folder": "./jobs/license_check/logs/111951-fw-a.ukfast.net.uk/", "additional_data": {}, "return_data": ""}, {"active": true, "hostname": "112643-fw.ukfast.net.uk", "address": "N/a", "status": "pending", "icon": "pending", "index": 82, "log_folder": "./jobs/license_check/logs/112643-fw.ukfast.net.uk/", "additional_data": {}, "return_data": ""}, {"active": true, "hostname": "113544-fw.ukfast.net.uk", "address": "N/a", "status": "pending", "icon": "pending", "index": 83, "log_folder": "./jobs/license_check/logs/113544-fw.ukfast.net.uk/", "additional_data": {}, "return_data": ""}, {"active": true, "hostname": "113595-fw.ukfast.net.uk", "address": "N/a", "status": "pending", "icon": "pending", "index": 84, "log_folder": "./jobs/license_check/logs/113595-fw.ukfast.net.uk/", "additional_data": {}, "return_data": ""}, {"active": true, "hostname": "114585-fw.ukfast.net.uk", "address": "N/a", "status": "pending", "icon": "pending", "index": 85, "log_folder": "./jobs/license_check/logs/114585-fw.ukfast.net.uk/", "additional_data": {}, "return_data": ""}, {"active": true, "hostname": "115442-fw-a.ukfast.net.uk", "address": "N/a", "status": "pending", "icon": "pending", "index": 86, "log_folder": "./jobs/license_check/logs/115442-fw-a.ukfast.net.uk/", "additional_data": {}, "return_data": ""}, {"active": true, "hostname": "116000-fw.ukfast.net.uk", "address": "N/a", "status": "pending", "icon": "pending", "index": 87, "log_folder": "./jobs/license_check/logs/116000-fw.ukfast.net.uk/", "additional_data": {}, "return_data": ""}, {"active": true, "hostname": "116779-fw-a.ukfast.net.uk", "address": "N/a", "status": "pending", "icon": "pending", "index": 88, "log_folder": "./jobs/license_check/logs/116779-fw-a.ukfast.net.uk/", "additional_data": {}, "return_data": ""}, {"active": true, "hostname": "116817-fw.ukfast.net.uk", "address": "N/a", "status": "pending", "icon": "pending", "index": 89, "log_folder": "./jobs/license_check/logs/116817-fw.ukfast.net.uk/", "additional_data": {}, "return_data": ""}, {"active": true, "hostname": "116818-fw.ukfast.net.uk", "address": "N/a", "status": "pending", "icon": "pending", "index": 90, "log_folder": "./jobs/license_check/logs/116818-fw.ukfast.net.uk/", "additional_data": {}, "return_data": ""}, {"active": true, "hostname": "116845-fw.ukfast.net.uk", "address": "N/a", "status": "pending", "icon": "pending", "index": 91, "log_folder": "./jobs/license_check/logs/116845-fw.ukfast.net.uk/", "additional_data": {}, "return_data": ""}, {"active": true, "hostname": "116879-fw.ukfast.net.uk", "address": "N/a", "status": "pending", "icon": "pending", "index": 92, "log_folder": "./jobs/license_check/logs/116879-fw.ukfast.net.uk/", "additional_data": {}, "return_data": ""}, {"active": true, "hostname": "117358-fw.ukfast.net.uk", "address": "N/a", "status": "pending", "icon": "pending", "index": 93, "log_folder": "./jobs/license_check/logs/117358-fw.ukfast.net.uk/", "additional_data": {}, "return_data": ""}, {"active": true, "hostname": "117594-fw.ukfast.net.uk", "address": "N/a", "status": "pending", "icon": "pending", "index": 94, "log_folder": "./jobs/license_check/logs/117594-fw.ukfast.net.uk/", "additional_data": {}, "return_data": ""}, {"active": true, "hostname": "117790-fw.ukfast.net.uk", "address": "N/a", "status": "pending", "icon": "pending", "index": 95, "log_folder": "./jobs/license_check/logs/117790-fw.ukfast.net.uk/", "additional_data": {}, "return_data": ""}, {"active": true, "hostname": "117926-fw.ukfast.net.uk", "address": "N/a", "status": "pending", "icon": "pending", "index": 96, "log_folder": "./jobs/license_check/logs/117926-fw.ukfast.net.uk/", "additional_data": {}, "return_data": ""}, {"active": true, "hostname": "118296-fw.ukfast.net.uk", "address": "N/a", "status": "pending", "icon": "pending", "index": 97, "log_folder": "./jobs/license_check/logs/118296-fw.ukfast.net.uk/", "additional_data": {}, "return_data": ""}, {"active": true, "hostname": "118428-fw.ukfast.net.uk", "address": "N/a", "status": "pending", "icon": "pending", "index": 98, "log_folder": "./jobs/license_check/logs/118428-fw.ukfast.net.uk/", "additional_data": {}, "return_data": ""}, {"active": true, "hostname": "118813.ukfast.net.uk", "address": "N/a", "status": "pending", "icon": "pending", "index": 99, "log_folder": "./jobs/license_check/logs/118813.ukfast.net.uk/", "additional_data": {}, "return_data": ""}, {"active": true, "hostname": "119157-fw.ukfast.net.uk", "address": "N/a", "status": "pending", "icon": "pending", "index": 100, "log_folder": "./jobs/license_check/logs/119157-fw.ukfast.net.uk/", "additional_data": {}, "return_data": ""}, {"active": true, "hostname": "119262-fw.ukfast.net.uk", "address": "N/a", "status": "pending", "icon": "pending", "index": 101, "log_folder": "./jobs/license_check/logs/119262-fw.ukfast.net.uk/", "additional_data": {}, "return_data": ""}, {"active": true, "hostname": "119894-fw.ukfast.net.uk", "address": "N/a", "status": "pending", "icon": "pending", "index": 102, "log_folder": "./jobs/license_check/logs/119894-fw.ukfast.net.uk/", "additional_data": {}, "return_data": ""}, {"active": true, "hostname": "119895-fw.ukfast.net.uk", "address": "N/a", "status": "pending", "icon": "pending", "index": 103, "log_folder": "./jobs/license_check/logs/119895-fw.ukfast.net.uk/", "additional_data": {}, "return_data": ""}, {"active": true, "hostname": "119994-fw.ukfast.net.uk", "address": "N/a", "status": "pending", "icon": "pending", "index": 104, "log_folder": "./jobs/license_check/logs/119994-fw.ukfast.net.uk/", "additional_data": {}, "return_data": ""}, {"active": true, "hostname": "119995-fw.ukfast.net.uk", "address": "N/a", "status": "pending", "icon": "pending", "index": 105, "log_folder": "./jobs/license_check/logs/119995-fw.ukfast.net.uk/", "additional_data": {}, "return_data": ""}, {"active": true, "hostname": "120319-fw.ukfast.net.uk", "address": "N/a", "status": "pending", "icon": "pending", "index": 106, "log_folder": "./jobs/license_check/logs/120319-fw.ukfast.net.uk/", "additional_data": {}, "return_data": ""}, {"active": true, "hostname": "120433-fw.ukfast.net.uk", "address": "N/a", "status": "pending", "icon": "pending", "index": 107, "log_folder": "./jobs/license_check/logs/120433-fw.ukfast.net.uk/", "additional_data": {}, "return_data": ""}]}